{
    "file": "site\/modules\/ImportPagesPrestashop\/ImportPagesPrestashop.module",
    "textdomain": "site--modules--importpagesprestashop--importpagesprestashop-module",
    "translations": {
        "7687f1154ff62cc978bf198367a1f82d": {
            "text": "Niet alle vereiste velden zijn ingevuld"
        },
        "1f7db6652977248b3a57f33de6111e81": {
            "text": "Importeer eerst de categorie\u00ebn"
        },
        "0554650cefcf7eac1ea9ac2275082dc2": {
            "text": "Importeer eerst de producten"
        },
        "a37e6fe3a058bbf642ecbd664cc3816b": {
            "text": "Stap 1: Met database verbinden. Volg de stappen."
        },
        "fbcd2999bd5f07eea19e90cc74611688": {
            "text": "DB Naam"
        },
        "397e27066e7c4c407611440b414f7090": {
            "text": "Voer DB naam in"
        },
        "7be04e4f81737e9dddf0e4ee73feff00": {
            "text": "DB Gebruikersnaam"
        },
        "81c44ac914cda7fda194438e75c62b30": {
            "text": "Voer DB gebruikersnaam in"
        },
        "4c4211ff22c9c4f5796a147a72ab7987": {
            "text": "DB Wachtwoord"
        },
        "a4ba5f94994277da7318f7844b9294ed": {
            "text": "Voer DB wachtwoord in"
        },
        "ab6791fa8bafa54d61a5308e0e9d8e4f": {
            "text": "Voer DB host in"
        },
        "4c9eadd9a3272794bf7b6bb49bde4eae": {
            "text": "DB Poort"
        },
        "7c08048a9eb947f318fad1dfce99aecd": {
            "text": "Voer DB poort in"
        },
        "d148843fc4a6bb648701a2102730c971": {
            "text": "Moet eindigen met '_'"
        },
        "c5b9898d4497016cdf7cf27df3357fd0": {
            "text": "Template voor categorie pagina's"
        },
        "477941feb432e3a913d01e8c6c7a691d": {
            "text": "Template voor product pagina's"
        },
        "ebe26035add58b6081dadae34d90164d": {
            "text": "Ouder pagina"
        },
        "36475b9eb66a9b0c4da961e1663a8e25": {
            "text": "Pagina's die ge\u00efmporteerd worden, vallen onder deze pagina"
        },
        "5cbd324d9f91eb1322d117716066fa89": {
            "text": "Welk veld wil je gebruiken voor de specificaties?"
        },
        "70f5d631ea4c980e57b170762ba19198": {
            "text": "Gebruik een normaal tekst veld"
        },
        "646cc1a3f9f7b5b59e03aebcb6a9c115": {
            "text": "Wat is de iso-code van je standaard taal?"
        },
        "844dd821521df760bf5fbc21e81f1332": {
            "text": "Bijvoorbeeld: als engels je standaard taal is, de iso-code is dan en. Voor Duits wordt de iso-code de etc."
        },
        "140294dba17898ca736fd33ba5508554": {
            "text": "Wil je de categorie\u00ebn en dergelijke alleen in je standaard taal importeren of in zoveel mogelijk talen?"
        },
        "4e61ce4aa2d908c401ba6da2dca328f4": {
            "text": "Alleen in mijn standaardtaal"
        },
        "62d12d2d4a7cc6fdc60da6ecd02e0251": {
            "text": "In zoveel mogelijk talen"
        },
        "e640738f65640c52ca9779c2481178ff": {
            "text": "Wil je ook de EAN nummers en\/of de referentie code van het product importeren?"
        },
        "591be2e24a5c9c3946c457e6dc29b0c1": {
            "text": "De EAN-nummers en de referentie codes"
        },
        "30f0068ddadd718e75b7d67af0cc3e61": {
            "text": "Alleen de EAN-nummers"
        },
        "1d9e324c5e5e9dccd9d567ca18b15d7c": {
            "text": "Alleen de referentie code"
        },
        "95489a7c0c75b33047330364796e5d22": {
            "text": "Geen van beide"
        },
        "6fe0107762dfe3aa37a557b4919cdad5": {
            "text": "Ga door om te importeren"
        },
        "4958f2ba13b7990ba720febfaf702c2b": {
            "text": "Importeer Categorie\u00ebn, Producten, Eigenschappen en Foto's. Volg de stappen."
        },
        "f99c5c9d0a15447ce811466f041be165": {
            "text": "Importeer je categorie\u00ebn."
        },
        "b6c67dbd97e0c39d2975aedf6c23ecba": {
            "text": "Stap 2: Importeer Categorie\u00ebn"
        },
        "053fb3eec8e8bc092dd486ca469a6cb7": {
            "text": "%d categorie\u00ebn kunnen worden ge\u00efmporteerd"
        },
        "659b0a372b2641b78a0e9c4738dfa453": {
            "text": "Importeer categorie\u00ebn"
        },
        "683d58f97bf4dc481bb55be0e0546ea4": {
            "text": "Importeer je producten. Heb je de categorie\u00ebn al ge\u00efmporteerd? Anders werkt dit niet."
        },
        "8a9d5d078ed1582fb6b9a829c39d26b8": {
            "text": "Stap 3: Importeer Producten"
        },
        "d2600bc3bf881889ee19128703515cc2": {
            "text": "%d producten kunnen worden ge\u00efmporteerd"
        },
        "6cada368407ea1c3a5e352895ef4c5ae": {
            "text": "Importeer producten"
        },
        "a486f8403d2375de6b3343921d744a36": {
            "text": "Importeer je eigenschappen van de producten. Heb je al de producten ge\u00efmporteerd? Anders werkt dit niet."
        },
        "4f8fd12708ed414316ee1f09850198c2": {
            "text": "Stap 4: Importeer de eigenschappen"
        },
        "be2ca06590786923dc48fdd44bf7a0a6": {
            "text": "%d eigenschappen van producten kunnen worden ge\u00efmporteerd"
        },
        "b06c628bb5a753c0b1b5dd4c604d714c": {
            "text": "Importeer de eigenschappen"
        },
        "06e5c086dbf747c211903dbafb45294e": {
            "text": "Importeer je foto's van de producten. Heb je de producten al ge\u00efmporteerd? Anders werkt dit niet."
        },
        "de67a6a448f0d899beadaaa0c0dde6be": {
            "text": "Stap 5: Importeer Foto's"
        },
        "dff54139c5f589ac7f53cd8847d16327": {
            "text": "%d foto's kunnen worden ge\u00efmporteerd"
        },
        "a5abf74564918fb04f2aaabff03c0e90": {
            "text": "Importeer de foto's"
        },
        "c09dc65f11b833ce038cb60f2a40807e": {
            "text": "DB host"
        },
        "11d20e22621649bb1473170ef01444de": {
            "text": "Gegevens zijn correct, verbonden met externe database"
        },
        "f260baa25d4d161c128fa488ac00b8f6": {
            "text": "Check of je de goede module voor deze optie heeft. Probeer anders de tweede optie, of installeer de benodigde module."
        },
        "0662b6b43a1ebe56784ceed41bcbfc21": {
            "text": "Je hebt niet de benodigde module om de eigenschappen van de producten te importeren in een ProField:Table. Koop en\/of installeer deze module of kies voor de andere optie."
        },
        "84fe3783cd5531e9675eadf849e178de": {
            "text": "="
        },
        "450dc7414c777dbb7bbf1f9b1b67a5db": {
            "text": "Importeer eerst je categorie\u00ebn!"
        },
        "55c09145b552803436407d8de69ddcd7": {
            "text": "Bekijk de ge\u00efmporteerde pagina's"
        },
        "73f06f9946676008eeeb4bee8f8fce78": {
            "text": "Import meer"
        },
        "51087e934ae50a02c9251c6407cfe94a": {
            "text": "%d categorie\u00ebn zijn ge\u00efmporteerd"
        },
        "9f2738fd7c72546cc23ecdf6838ab3a9": {
            "text": "%d producten zijn ge\u00efmporteerd"
        },
        "3d0b7126b3dc574a506b1fa1b23d2433": {
            "text": "%d features zijn ge\u00efmporteerd"
        },
        "f53010a1d453657e6a69cefc103e0421": {
            "text": "%d foto's zijn ge\u00efmporteerd"
        }
    }
}